<?xml version="1.0" encoding="UTF-8"?>
<service id="remoting-service"
    class="flex.messaging.services.RemotingService">

    <adapters>
    <!--
        <adapter-definition id="java-object" class="flex.messaging.services.remoting.adapters.JavaAdapter" default="true"/> 
    -->
        <adapter-definition id="s2-object" class="org.seasar.blazeds.adapters.S2Adapter" default="true"/>
    </adapters>

    <default-channels>
        <channel ref="my-secure-amf"/>
        <channel ref="my-amf"/>
    </default-channels>
    
</service>
